答案,題目,選項A,選項B,選項C,選項D,
1234,當設定相關性參數後，模組組態檔build.gradle的dependencies資料內容會變動。下列哪些項目是屬於正確的相關性設定值？,compile 'com.android.support:appcompat-v7:23.0.1',compile project(':MyUtilities'),compile files('libs/json.jar'),"compile fileTree(dir:'libs',include:['*.jar'])",
4,下列哪一項是Android platform提供使用的Database？,MySQL,PostgreSQL,Oracle,SQLite,
3,關於系統預設產生的除錯金鑰檔案庫，下列敘述哪一項錯誤？,除錯用的金鑰有效期限通常是一年,除錯金鑰檔案庫若被刪除，系統會自動產生一個新的金鑰檔案庫，一年內有效,除錯用的金鑰沒有期限的限制，可以無限期使用,以除錯金鑰進行簽章的App可以安裝到模擬器與一般實體手機,
3,使用MediaPlayer播放音樂或影片時，可使用MediaPlayer.setDataSource()來設定要播放的Source，下列哪一項不是setDataSource()支援的建構方法？,MediaPlayer.setDataSource(String path);,MediaPlayer.setDataSource(FileDescriptor fd);,MediaPlayer.setDataSource(FileInputStream stream);,"MediaPlayer.setDataSource(Context context, Uri uri);",
12,在Android SDK中，提供下列哪些工具來協助開發者做測試？,monitor,adb,mksdcard,zipalign,
1234,關於模擬器的設定，下列哪些正確？,可以自行設定螢幕尺寸,可以自行設定螢幕像素,可以自行設定記憶體大小,可以自行設定SD卡,
12,繼承ContentProvider時，下列哪些方法必須自行實作？,onCreate,getType,drop,openFile,
24,利用Gradle設定組態定義檔時，可以利用Flavors和Build Types指定不同的編譯組合方式，讓程式開發過程簡便不少，請問下列哪些是Build Types內建的選項？,normal,debug,test,release,
234,在Android Studio新建專案的過程中，下列敘述哪些正確？,「Layout Name」欄位預設值為activity_main，為活動名稱,「Company Domain」欄位值在自動組合後將會倒置為套件名稱,「Project location」欄位是指專案將儲存的檔案目錄路徑,「Minimum SDK」欄位是指此Android Project最低可支援的Android API程式函式庫版本,
1,若要在res目錄中定義程式放入不需要壓縮的原始資料檔，例如：視訊檔，需在下列哪一項進行設定？,raw,menu,color,values,
4,在Activity運作中按下[BACK]鍵，Activity會最先呼叫下列哪一項方法？,onDestroy,onStop,onStopCommand,onPause,
4,在Activity運作中按下[HOME]鍵，Activity會最先呼叫下列哪一項方法？,onDestroy,onStop,onStopCommand,onPause,
3,下列哪一項方法，可從一個Activity跳轉到另一個Activity（需返回資訊）？,startActivity,startActivityByResult,startActivityForResult,newActivity,
4,關於版面配置的敘述，下列哪一項錯誤？,可以透過程式直接定義版面配置,在版面配置檔案中，以<?layout標籤作開頭,可以使用的Layout包含LinearLayout、TableLayout,在LinearLayout元件中，可以透過android:port屬性定義螢幕方向,
2,下列哪一項內建介面元件，設計目的為讓使用者能選擇多個選項？,RadioButton,CheckBox,Gallery,ListBox,
4,如果要開發Android Things的應用程式，Android SDK最低版本下列哪一項正確？,Android 7（Nougat），API 24,Android 7.1（Nougat），API 25,Android 8（Oreo），API 26,Android 8.1（Oreo），API 27,
2,Activity在手機執行階段，其可視性（Visible）週期，分別起始與結束於兩個階段，下列哪一項正確？,Activity onRestore與Activity onStop,Activity onStart與Activity onStop,Activity onResume與Activity onPause,Activity onCreate與Activity onDestroy,
14,"在網路安全性設定功能，要自訂信任的憑證伺服器（Certificate Authority, CA），需要在下列安全性設定檔的哪些標籤下進行設定？",<base-config>,<trust-anchors>,<certificates>,<domain-config>,
123,Room提供了一個SQLite之上的抽象層，提供開發者更方便的方式操作資料庫，而其主要的元件下列哪些正確？,database,entity,DAO（Data Access Object）,table,
13,關於Resources.openRawResource(R.raw.myDataFile)的敘述，下列哪些正確？,可以取得專案目錄下的res/raw/myDataFile,可以取得/data/data/package_name/files/myDataFile,可以用來取得drawable、sound和raw resources,可以透過取得的物件，將資料寫回myDataFile,
3,在ImageView中設定一張動態的GIF圖檔，下列哪一項執行結果正確？,ImageView中不會顯示任何影像,執行時會出現程式錯誤,ImageView中僅會顯示動態GIF圖檔的第一個影像畫格,ImageView中可正常顯示GIF圖檔並可顯示動畫,
12,"子母畫面（Picture-in-Picture, PIP）模式讓應用程式在釘選視窗中執行影片活動，同時讓另一個活動在背景持續進行。如要宣告支援子母畫面的話，下列哪些配置參數需要設定為true？",android:resizeableActivity,android:supportsPictureInPicture,android:inMultiWindowAndroid,android:inPictureInPicture,
2,下列哪一項內建介面元件，設計目的為讓使用者能輸入內容？,TextView,EditText,CheckBox,ImageView,
1,關於[HOME]鍵的敘述，下列哪一項正確？,按下[HOME]鍵會停止目前的Activity並將目前的Activity移到背景,按下[HOME]鍵會停止目前的Activity並將目前的Activity移到前景,按下[HOME]鍵會繼續目前的Activity並將目前的Activity移到前景,按下[HOME]鍵會繼續目前的Activity並將目前的Activity移到背景,
3,為了實現IPC（Interprocess Communication），在Android中需使用下列哪一項工具？,AVD,ADB,AIDL,AAPT,
4,要為自己的應用程式新增一個SearchManager的搜尋功能，下列敘述哪一項錯誤？,需要一個Activty處理搜尋動作,搜尋Activity會取得Intent.ACTION_SEARCH和查詢內容,需要設定AndroidManifest.xml,searchable.xml只有在需要公開給Quick Search Box時才需要設定,
4,如附圖所示之程式碼，為程式使用VideoView的宣告，其記憶卡的根目錄存放了1.3gp影片檔，下列敘述哪一項正確？,播放影片1.3gp，尺寸為原尺寸,播放影片1.3gp，放大尺寸,程式執行後，播放顯示黑色的畫面,程式有錯，無法執行,
1,所有的介面元件都繼承自下列哪一項類別？,View,Widget,Interface,UI,
2,在應用程式中可使用BluetoothAdapter.getDefaultAdapter()來取得BluetoothAdapter物件，請問要判斷手持設備是否開啟藍牙，要用下列哪一個方法？,BluetoothAdapter.isOpened(),BluetoothAdapter.isEnabled(),BluetoothAdapter.enabled(),BluetoothAdapter.opened(),
24,若要利用Google Play Service進行程式開發，需利用Android SDK Manager進行下載、安裝。在開啟SDK Manager和點選Extras之後，下列哪些項目一定要勾選並下載？,Android Support Repository,Google Repository,Android Support Library,Google Play Service,
1,在應用程式中若要使用WifiManager來掃描附近Wi-Fi熱點時，要呼叫下列哪一個方法？,startScan(),scan(),scanWifi(),start(),
2,下列哪一項類別可攜帶資料，從一個Activity傳送資料到另一個Activity？,Service,Bundle,Data,Info,
124,Activity的生命週期中，包括下列哪些方法？,onResume,onPause,onClose,onCreate,
123,若應用程式會使用藍牙功能，並操作藍牙設置，在建置Android Bluetooth Low Energy（BLE）應用程式時，需加入下列哪些權限與特性聲明？,android.permission.BLUETOOTH,android.permission.BLUETOOTH_ADMIN,android.hardware.bluetooth_le,不需加入任何權限與聲明設定,
1,如果需要讓資料在多個應用程式間共享，應該使用下列哪一項方式？,Content Providers,使用同一個檔案，透過檔案存取方式分享,使用同一個資料庫檔案，直接在應用程式內連接該檔案,應用程式間使用網路連線的方式共享,
4,下列哪一個樣式（Theme）的參數設定，可以讓Android應用程式（App）使用系統桌面作為應用程式背景？,"android:theme = ""Theme.Light""","android:theme = ""Translucent""","android:theme = ""Theme.Panel""","android:theme = ""Theme.Wallpaper""",
1,如果要使用JobService來執行服務，繼承JobService的類別，在清單檔案宣告參數中需要增加下列哪一項permission？,android.permission.BIND_JOB_SERVICE,android.permission.BIND_DEVICE_ADMIN,android.permission.BIND_ACCESSIBILITY_SERVICE,android.permission.BIND_NOTIFICATION_LISTENER_SERVICE,
2,將應用程式發佈至Google Play時，系統支援的單一APK檔案大小上限為下列哪一個大小？,40MB,50MB,60MB,沒有限制,
1,若要瀏覽和管理App專案中的檔案，下列哪一項正確？,專案檢視視窗,App畫面預覽視窗,模擬器狀態視窗,除錯視窗,
3,為了整合Google相關的應用服務，程式必須利用Google Play Service Client API與Google Play Service底層溝通；但是，設備端（手機/平板）有最低版本的要求。下列哪一項是最低要求的版本？,Android 1.6（API level 4）,Android 2.1（API level 7）,Android 2.3（API level 9）,Android 5.0（API level 21）,
3,如附圖所示之程式碼，需在行號07的區塊加入下列哪一段程式，才會畫出如附圖的「空心圓形」？,^[GD90505],^[GD90506],^[GD90507],^[GD90508],
2,若要進行單元測試，需在下列哪一個介面中新增配置？,Version Control,Run/Debug Configurations,AVD Manager,SDK Manager,
1,在實作撥號相關的Android應用程式時，可以透過PhoneStateListener來監控手機電話狀態，並覆寫onCallStateChanged()方法，透過傳入的state來判斷電話狀態。其中state等於下列哪一項選項時，代表有電話打進來？,TelephonyManager.CALL_STATE_RINGING,TelephonyManager.CALL_STATE_IDLE,TelephonyManager.CALL_STATE_ONLINE,TelephonyManager.CALL_STATE_OFFHOOK,
1,TelephonyManager.getSimState()方法可以取得手機SIM卡的狀態，請問如果手機內無SIM卡時，getSimState()方法的回傳值為下列哪一項選項？,TelephonyManager.SIM_STATE_ABSENT,TelephonyManager.SIM_STATE_UNKNOWN,TelephonyManager.SIM_STATE_PUK_REQUIRED,TelephonyManager.SIM_STATE_NETWORK_LOCKED,
2,在應用程式中可使用WifiManager來管理手持設備的無線網路連線。請問下列哪一個方法可以用來關閉手持設備的無線網路連線？,setWifiDisabled(true),setWifiEnabled(false),setWifiDisabled(),setWifiClosed(),
24,下列哪些指令具有註解的功能？,[Ctrl] + [F],[Ctrl] + [/],[Ctrl] + [Shift] + [F],[Ctrl] + [Shift] + [/],
3,AnimationDrawable可以製作出如動態GIF圖檔的動畫效果，可將設定檔預先設定成XML檔案，並儲存於/res資料夾下。關於AnimationDrawable的敘述，下列哪一項錯誤？,AnimationDrawable.start()可啟動動畫運行,"在XML設定檔中定義android:oneshot=""true""可使AnimationDrawable執行時只執行一個循環",android:oneshot屬性的預設值為true,AnimationDrawable.stop()可停止動畫運行,
4,關於Gradle模組組態設定中的參數，下列敘述哪一項錯誤？,applicationId是用來定義App唯一的識別碼，通常會與套件名稱相同,minSdkVersion是指定可執行該App的最低Android版本,targetSdkVersion是指定可執行該App的標準Android版本,maxSdkVersion是指定可執行該App的最低Android版本,
12,關於群組通知（Groups Of Notifications）的敘述，下列哪些正確？,通過群組通知，可以確保不向用戶顯示冗餘數據,將多個通知整合在一個通知中，也可以展開看所包含的所有通知,Wear OS設備不支援Bundled Notifications,此消息佔據一個矩形框，一段時間後會淡入並淡出。框的大小取決於消息內容,
1,若要對Android Studio修改預設的設定，例如：編碼、版本控管、語言等等，可以在下列哪一項進行設定？,File/Settings,File/Project Structure,File/Import Settings,File/Export Settings,
3,在Android Things系統服務中，下列哪一項是負責管理外部設備連接的系統服務？,LocationManager,ServiceManager,PeripheralManager,BluetoothManager,
123,Instant Native Android apps與一般需安裝的App，在應用上有下列哪些差別或限制？,無法使用背景服務,無法執行背景通知,無法存取裝置外部儲存空間,沒有任何差別或限制,
14,在省電模式中，使用Doze模式可能會影響AlarmManager警報和計時器管理，可使用下列哪些方法讓系統處於Doze模式下也會觸發警報？,setAndAllowWhileIdle(),setAlarmClock(),setExact(),setExactAndAllowWhileIdle(),
1,Android預設會將openOutputFile的檔案存放在下列哪一項目錄下？,/data/data/package_name/files,/data/app/package_name/files,/data/app/package_name/shared_pref,/data/app/package_name/databases,
3,關於Toast的敘述，下列哪一項正確？,可以用來建立對話框,可以在其中加入按鈕,可以在不中斷正常操作的情況下顯示提示訊息,可以指定其顯示時間（秒數）,
2,關於LinearLayout版面配置元件的敘述，下列哪一項錯誤？,LinearLayout元件中，可以包含多層版面,在LinearLayout元件中，可以透過android:width屬性定義內容元件寬度,可以透過getOrientation方法，取得LinearLayout元件的排列方向,在LinearLayout元件中，可以透過android:orientation屬性定義內容元件排列方向,
3,關於Broadcast Receiver的敘述，下列哪一項正確？,Broadcast Intent是在前景運行的動作,Broadcast Intent後會啟動對應的Activity,可透過<receiver>標籤在AndroidManifest.xml中註冊,使用者可以直觀感受到Broadcast的效果,
1,如附圖所示，下列哪一項是用來群組化設定項目，以方便使用者檢視的元件？,PreferenceCategory,PreferenceScreen,RingtonePreference,ListPreference,
1,重新啟動一個Activity時，下列哪一項是正確的生命週期順序？,onCreate → onStart → onResume,onStop → onResume → onCreate,onResume → onStart → onOpen,onPause → onStart → onResume,
123,在openFileOutput()時使用MODE_APPEND，會產生下列哪些結果？,在檔案內繼續添加內容而非覆蓋,該檔案可以立即被寫入內容,如果呼叫時該檔案不存在，會丟出例外,產生的檔案可以被其他應用程式存取,
12,關於FCM（Firebase Cloud Message）的敘述，下列哪些正確？,每一則FCM發送的大小上限為4KB,訊息的存活最長時間為四週 ,伺服器端發送FCM後，FCM SERVER不會回覆發送狀況,伺服器發送FCM需要收費,
13,要撰寫一個包含中英文的多語系應用程式，可以在專案res目錄中加入下列哪些目錄來達成？,values目錄,values_zh目錄,values-zh-rTW目錄,values-zh_rTW目錄,
23,關於應用程式發佈至Google Play的敘述，下列哪些正確？,APK不需要憑證簽署,套件名稱（package name）不可與其他應用程式重複,使用的圖片不可有侵害版權的情形,主題圖片可以不用上傳,
3,如果要建立可以隨著應用程式（App）被移除而一同被移除的外部儲存（External Storage）檔案，那麼外部儲存檔案的儲存路徑中一定要包含下列哪一個名稱？,應用程式名稱（Application Name）,活動名稱（Activity Name）,套件名稱（Package Name）,專案名稱（Project Name）,
3,在Android應用程式中要實作照相機的功能，需在AndroidManifest.xml設定檔中加入下列哪一項權限設定？,"<uses-permission android:name=""android.permission.PICTURE""/>","<uses-permission android:name=""android.permission.REORDER_TASKS""/>","<uses-permission android:name=""android.permission.CAMERA""/>",不需加入任何權限設定,
3,下列哪一項不是Android支援的Sensor類型？,Sensor.TYPE_GYROSCOPE,Sensor.TYPE_LIGHT,Sensor.TYPE_MOVE,Sensor.TYPE_ACCELEROMETER,
1,Android在下列哪一個版本後，可以在執行階段要求權限（Request permissions at runtime）？,Android 6,Android 7,Android 8,Android 9,
1,如附圖所示之程式碼，在AndroidManifest.xml檔案中，下列哪一項是正確的屬性定義？,點選LAUNCHER畫面的應用程式圖示可開啟這個Activity,長按LAUNCHER畫面，彈出的選單中會加入這個Activity選項,Category中可開啟這個Activity,所有應用程式的選擇畫面中都自動加入這個Activity,
3,如附圖所示之程式碼，若將附圖之程式碼寫進程式中，會執行下列哪一項動作？,使用完整路徑呼叫相對應的Intent,開啟瀏覽器瀏覽網頁,不動作,開啟Email程式寄送內容資訊,
1,關於Context#openFileOutput的說明，下列哪一項正確？,參數使用MODE_APPEND，代表在檔案內繼續添加內容而非覆蓋,參數使用MODE_PRIVATE，代表寫入的檔案連同一個應用程式都無法讀取,參數使用MODE_READ，代表檔案只能被讀取，不可以重複被寫入,參數使用MODE_WRITE，檔案才可以被寫入,
1,在應用程式中，已知一電話號碼myPhone，在程式中要將myPhone直接撥打出去，下列敘述哪一項正確？,^[GD90501],^[GD90502],^[GD90503],^[GD90504],
1,下列哪一項方法，可以正確建立LocationManager物件？,LocationManager lm =(LocationManager)getSystemService(Context.LOCATION_SERVICE);,LocationManager lm =(LocationManager)getSystemService(Context.LOCATION);,LocationManager lm =(LocationManager)getSystemService(Context.FINE_LOCATION);,LocationManager lm =(LocationManager)getSystemService(Context.LOCATION_PROVIDER);,
3,使用下列哪一項方式可以取得下載快取目錄？,Environment.getExternalStorageDirectory(),Environment.getDataDirectory(),Environment.getDownloadCacheDirectory(),Environment.getRootDirectory(),
1,在應用程式中我們常使用ConnectivityManager來檢查網路連線狀態，其中ConnectivityManager.getNetworkInfo(int networkType)可以取得網路相關資訊，請問若要檢查行動網路是否有連線，networkType需要傳入下列哪一個參數？,ConnectivityManager.TYPE_MOBILE,ConnectivityManager.TYPE_INTERNET,ConnectivityManager.TYPE_4G,ConnectivityManager.TYPE_WIFI,
1234,關於單元測試應具備的特性，下列敘述哪些正確？,快速、獨立,可重複,及時，單元測試應該恰好在使其通過的產品code之前撰寫,可反應驗證結果，單元測試不論成功或失敗，都應該要從測試的報告中直接了解其含意,
2,關於Activity的敘述，下列哪一項正確？,一個Application中只能有一個Activity,使用者可以從一個程式中的Activity跳到另一個程式中的Activity,要切換到另一個Activity，應先按[HOME]鍵回到桌面，再點選應用程式按鈕以進入Activity,Android未提供從目前Activity回到前一個Activity的功能,
123,下列哪些為SQLite提供的資料型態？,INTEGER,REAL,TEXT,BOOLEAN,
1,如附圖所示之程式碼，為一字串陣列設定碼，下列哪一項可以正確讀取planets_array字串陣列？,String[] planets = getResources().getStringArray(R.array.planets_array);,String planets = getResources().getStringArray(R.array.planets_array);,String[] planets = getResources().getString(R.array.planets_array);,String planets = getResources().getString(R.array.planets_array);,
1,下列哪一個Android SDK影音類別提供呼叫硬體編解碼功能？,MediaCodec,VideoView,MediaPlayer,MediaController,
34,關於SQLiteOpenHelper的敘述，下列哪些正確？,應用程式啟動時，每次都會呼叫SQLiteOpenHelper#onCreate方法,應用程式啟動時，每次都會呼叫SQLiteOpenHelper#onUpgrade方法,SQLiteOpenHelper可以建立in-memory database,應用程式啟動時，當資料庫不存在時才會呼叫SQLiteOpenHelper#onCreate方法,
34,關於AlertDialog.builder基本功能的敘述，下列哪些錯誤？,其建立對話框的步驟是先定義呼叫點，再實作對話框,可以在其中加入標題圖示 ,可以控制其顯示位置,可以控制其顯示時間的長短,
2,關於SmsManager的敘述，下列哪一項錯誤？,divideMessage()方法可將簡訊內容拆成數則，以手機單則最大字數為限,sendSMSMessage()方法可傳送文字型態的簡訊，透過指定的PendingIntent還可知道傳送結果,傳送簡訊方法中傳入的PendingIntent，可聆聽系統廣播的發送結果,getDefault()方法為取得SmsManager的預設實例（Instance）,
3,假設gson.jar與httpclient.jar兩個檔案均已放到模組的libs資料夾內；若模組需要使用到這兩個套件，下列哪一項方式，可以手動修改build.gradle的相關性設定（只加入一行參數）？,compile project(':gson.jar'),compile files('libs/gson.jar'),"compile fileTree(dir:'libs',include:['*.jar'])",compile files('libs/httpclient.jar'),
1234,關於Git系統中常用的指令，下列哪些正確？,初始化一個git repository的指令為git init,檢查git repository目前（commit/push）狀態的指令為git status,新增commit檔案的指令為git add,刪除commit檔案的指令為git rm,
13,searchable.xml在公開給Quick Search Box時，需要做下列哪些設定？,android:includeInGlobalSearch需設定為true,android:includeInGlobalSearch需設定為false,android:searchSettingsDescription可設可不設,android:includeInGlobalSearch可設可不設,
4,下列哪一個版本的Android SDK開始內建指紋辨識的API？,Gingerbread,Jelly Bean,Ice Cream Sandwich,Marshmallow,
2,開發Android App時，通常會在組態設定檔內指定支援度最佳的Android 平台版本，下列哪一項正確？,android:compileSdkVersion,android:targetSdkVersion,android:maxSdkVersion,android:minSdkVersion,
3,寫錄音程式時需先有四個預備動作，下列哪一項非其中之一？,setAudioSource,setAudioEncoder,setMaxDuration,setOutputFormat,
1,定義一個版面配置檔案，需要從上而下依序排列介面元件時，一般會使用下列哪一項版面配置元件？,LinearLayout,RelativeLayout,TableLayout,FrameLayout,
3,Android中的DownloadManager系統服務，是使用下列哪一項參數廣播給BroadcastReceiver，通知系統檔案下載完畢？,DownloadManager.ACTION_DOWNLOAD_FINISH,DownloadManager.ACTION_DOWNLOAD_OVER,DownloadManager.ACTION_DOWNLOAD_COMPLETE,DownloadManager.ACTION_DOWNLOAD_DONE,
123,Instant Run主要可分為下列哪三種類型？,Hot Swap,Warm Swap,Cold Swap,Cool Swap,
4,如果要讀取存放在Android內部儲存（Internal storage）上的檔案，需要使用下列哪一個方法？,Context.openFileOutput(),Context.openWriteFile(),Context.openReadFile(),Context.openFileInput(),
2,關於版面配置的敘述，下列哪一項錯誤？,可以透過程式直接定義版面配置,在版面配置檔案中，以<?layout標籤作開頭,可以使用的Layout包含LinearLayout、RelativeLayout,可以透過XML定義選單,
4,關於AlertDialog.builder基本功能的敘述，下列哪一項錯誤？,可以用來建立對話框,對話框會重疊顯示到原本的呼叫頁面上,對話框也是一種顯示內容（View）,可以控制其顯示時間的長短,
1,AnimationDrawable可以製作出如同動態GIF圖檔的動畫效果，下列哪一項屬性的設定可以讓動畫啟動後，只跑一個循環就停止？,"android:oneshot=""true""","android:oneshot=""false""","android:run=""1""","android:run=""0""",
4,建立LocationListener物件後，下列哪一項方法不一定要被覆寫？,onLocationChanged(),onProviderDisabled(),onStatusChanged(),onProviderChanged(),
3,若要建置程式碼並執行「Run 'app'」，下列指令哪一項正確？,[Shift] + [F8],[Shift] + [F9],[Shift] + [F10],[Shift] + [F11],
3,應用程式上架後，若後續有新版本上架更新，安裝過該App的使用者會收到通知。請問在Gradle組態設定中，下列哪一個參數「一定」要變更？,applicationId,minSdkVersion,versionCode,versionName,
1,在Activity運作中按下[BACK]鍵，Activity最後會呼叫下列哪一項方法？,onDestroy,onStop,onStopCommand,onPause,
13,如附圖所示之程式碼，關於content URI的敘述，下列哪些錯誤？,C部分必須至少有一節,A部分為prefix，不可以變更,D部分為指定某一筆資料的_id，如果要取得所有資料時可以將URI改為content://com.example.transportation/provider/trains ,B部分應該使用包含package的完整類別名稱，以保持獨特性,
123,Android 6.0中引入了新的權限管理模型，下列敘述哪些正確？,允許應用程式在執行時期（RunTime）提示使用者是否授予權限,被歸類於PROTECTION_NORMAL的權限系統會直接授予，不需特別設定,權限被群組化,針對所有的權限，如果在程式中需執行相關權限的動作時，必須檢查是否有授予該權限,
1,在Android.app.Service的類別中，下列哪一項方法是建構一個Service時一定要覆寫的方法？,onBind(),onCreate(),onStart(),onStop(),
1,下列哪一項方法可以調整Paint物件的畫筆寬度？,Paint.setStrokeWidth(float width);,Paint.setStrokeMiter(float miter);,Paint.setStrokeCap(Cap cap);,Paint.setStrokeJoin(Join join);,
1,下列哪一項是監聽手機設備狀態改變的方法？,"public void onCallStateChanged(int state,String incomingNumber)",public void onCellLocationChanged(CellLocation location),public void onDataConnectionStateChanged(int state),"public void onDataConnectionStateChanged(int state,int networkType)",
2,若要在res目錄中定義程式使用的陣列、字串、尺寸、色彩和樣式的常數值，需在下列哪一項進行設定？,layout,values,menu,drawable,
4,如附圖所示之模組參數設定，假設開發中的Android專案沒有任何語法或設定錯誤，當點擊「Run 'app'」進行開發時期的測試，此時系統會自動產生可執行檔案（APK）。請問下列哪一個APK檔案會被生成？,app-freeVersion-release.apk,app-freeVersion-debug.apk,app-freeVersion.apk,app-debug.apk,
1,在Android 9.0中，如果要取得Wi-Fi的相關資料（如：SSIDs、BSSIDs…等），需呼叫下列WifiManager的哪一個方法？,getConnectionInfo(),getDhcpInfo(),getConfiguredNetworks(),getScanResults(),
2,Logcat使用的方法（Method）中，下列哪一項是用於將系統錯誤訊息列出的方法？,"Log.i(string,string)","Log.e(string,string)","Log.w(string,string)","Log.v(string,string)",
1,關於TabHost版面配置元件的敘述，下列哪一項錯誤？,TabHost元件中，不可包含多個Activity,TabHost元件中，可以包含多個RelativeLayout元件,TabHost元件中，可以包含多個TabWidget元件,TabHost元件中，可以包含多個TableLayout元件,
1234,關於EditText元件中，加入不同inputType屬性值效果的敘述，下列哪些正確？,在inputType中加入phone宣告，可以讓欄位只能輸入電話號碼,在inputType中加入date宣告，可以讓欄位只能輸入日期,在inputType中加入textMultiLine宣告，可以允許多行輸入,在inputType中加入textPassword宣告，可以讓欄位以密碼（*號）顯示,
24,關於EditText元件的敘述，下列哪些正確？,在EditText元件中加入android:number宣告，可以讓過長的字串以跑馬燈效果顯示,EditText類別繼承自TextView類別,EditText類別繼承自UI類別,在EditText元件中加入android:inputType宣告，可以預先指定輸入內容的類型,
2,如附圖所示之程式碼，使用MediaPlayer播放音樂，下列敘述哪一項錯誤？,缺少mp.seek(0);的程式描述，需在prepare()之前呼叫seek()方法,呼叫setDataSource與prepare()皆需處理IOException的例外處理,呼叫prepare()方法需要處理IOException的例外處理,呼叫start()方法需要處理IOException的例外處理,
3,關於TableLayout版面配置元件的敘述，下列哪一項正確？,TableLayout元件中，不可包含多層版面,一個畫面中不可包含多個TableLayout元件,TableLayout元件需搭配TableRow使用,可以在TableLayout的內容元件中，指定android:layout_column來合併欄位,
4,要實作Android Widget桌面小工具時，必須繼承下列哪一項類別？,Widget,AppWidget,WidgetProvider,AppWidgetProvider,
2,活動（Activity）會因為組態的改變（如：由直立變成橫放），而被摧毀且再重新啟動；通常會藉由Bundle來保存與還原重要的資料。但是，複雜的資料（如：一般自訂類別）就無法直接利用Bundle記錄。下列哪一個內建類別適合用來記錄（取回）複雜的資料內容？,Bundle,Fragment,Activity,Message,
1234,在Wear OS製作訊息顯示服務時，下列哪些是可用的通知樣式？,BIG_TEXT_STYLE,BIG_PICTURE_STYLE,INBOX_STYLE,MESSAGING_STYLE,
12,Instant Run的主要設計目的，下列哪些正確？,快速建置,部署,版本控制,專案管理,
1,使用下列哪一個語法可以取得外部裝置？,Environment.getExternalStorageDirectory(),Environment.getDataDirectory(),Environment.getDownloadCacheDirectory(),Environment.getRootDirectory(),
1,由於Android TV需要APP使用Leanback的使用者介面，所以必須在AndroidManifest.xml中加入下列哪一項使用特性的聲明？,android.software.leanback,android.software.vr.mode,android.software.live_wallpaper,android.software.app_widgets,
34,要製作一個提供檔案的ContentProvider，不需實作下列哪些方法？,onCreate,getType,UPDATE,openFile,
1,如要啟動自動填表（Autofill Framework）服務，需要在手機設定中的哪裡開啟？,Settings > System > Languages & input > Advanced > Input assistance > Autofill service.,Settings > System > Advanced > Languages & input > Input assistance > Autofill service.,Settings > Languages & input > System > Advanced > Input assistance > Autofill service.,Settings > Input assistance >System > Languages & input > Advanced > Autofill service.,
1,在應用程式中要透過JNI來與C++程式溝通時，要使用下列哪一行程式來指定要呼叫的C++程式？,"System.loadLibrary(""XXX"")","JNI.loadLibrary(""XXX"")","System.load (""XXX"")","JNI.load(""XXX"")",
13,若要利用Android Support Library進行程式開發，需利用Android SDK Manager進行下載、安裝。在開啟SDK Manager和點選Extras之後，下列哪些項目一定要勾選並下載？,Android Support Repository,Google Repository,Android Support Library,Google Play Service,
4,在不同的Activity間傳遞資料是透過Bundle物件來處理，但若要讓資料能夠在兩個Activity間往返自如，則必須要使用下列哪一項方法？,startActivity(),bindService(),sendBroadcast(),startActivityForResult(),
2,要在應用程式中設計一個EditText，並只允許使用者輸入電話號碼格式，可以在Layout中的EditText宣告裡加入下列哪一項屬性設定？,"android:inputType=""number""","android:inputType=""phone""","android:inputType=""tel""","android:inputType=""text""",
123,關於android.content.URIMatcher的敘述，下列哪些正確？,用來幫助Content Provider內設定和辨識URI所要存取的資源使用,"addURI(String authority, String path, int code)方法的第二個變數path中可以使用#代表數字","addURI(String authority, String path, int code)方法的第二個變數path中可以使用*代表任意字串","addURI(String authority, String path, int code)方法的第三個變數code可以為負數",
13,開發Android App時，通常需要指定應用程式的個性化圖示與標題文字，請問下列敘述哪些正確？,利用<application>的屬性android:icon指定應用程式圖示,利用<application>的屬性android:picture指定應用程式圖示,利用<application>的屬性android:label指定應用程式的標題文字,利用<application>的屬性android:title指定應用程式的標題文字,
14,關於查詢Content Provider所提供的資料，下列敘述哪些正確？,需使用URI來辨別Provider,不需提供要取得資料的欄位名稱,不需知道資料型態就可以存取,URI為content://為開頭,
12,BluetoothDevice物件提供了一些方法來取得藍牙裝置的相關資訊，下列哪些方法正確？,getName(),getAddress(),getBondStatus(),getUid(),
3,關於AlertDialog的敘述，下列哪一項錯誤？,使用show()顯示AlertDialog視窗,AlertDialog元件是由Title、Message所組成，實際應用情況是將特定訊息發送給使用者，並按下確認按鈕使AlertDialog消失,可使用setChoiceItems方法加入多選按鈕,可使用setMessage方法加入Dialog內容敘述,
123,關於SharedPreferences的敘述，下列哪些正確？,"可以透過Context.getSharedPreferences(""name"",0)取得","有getBoolean(String key, boolean defValue), getString(String key, String defValue)...等方法",如果在非PreferenceActivity中變更資料，需呼叫SharedPreferences.Editor.commit()方法,寫入的內容在其他應用程式也一定能存取,
1,Android平台上一般的應用程式屬於Android框架的哪一層？,Application層,Application Framework層,Libraries層,Kernel & Driver層,
4,下列哪一項不是預設的Preference元件？,CheckBoxPreference,DialogPreference,EditTextPreference,TextareaPreference,
3,"下列哪一項是呼叫startActivityForResult(Intent,int)方法時，後面的int類別的作用？",用作Intent代號,用作Resource代號,用作識別的代號,用作Activity的代號,
3,關於版面配置的敘述，下列哪一項錯誤？,一個畫面中可以包含多層版面配置,一個畫面中可以包含多個版面配置,可以使用的Layout包含FrameLayout、HtmlLayout,在LinearLayout元件中，可以透過android:orientation屬性定義內容元件排列方向,
3,下列哪一項是建立RecyclerView元件所使用的程式語法？,android.v7.widget.RecyclerView,android.support.widget.RecyclerView,android.support.v7.widget.RecyclerView,android.control.v7.widget.RecyclerView,
1,當使用者點選mailto:info@example.com連結時，Android會用到下列哪一項物件？,Intent,Service,ContentProvider,EmailManager,
2,若要在Android Studio中修改SDK路徑或JDK路徑的設定，可以在下列哪一項進行設定？,File/Settings,File/Project Structure,File/Import Settings,File/Export Settings,
3,Android中的DownloadManager系統服務，下列哪一項類別可用於過濾DownloadManager的查詢？,DownloadManager.Start,DownloadManager.Request,DownloadManager.Query,DownloadManager.Open,
2,下列哪一項是Android Stutio預設使用的自動化建置工具？,Ant,Gradle,Maven,Makefile,
2,想在電視設備上執行Android應用程式，必須在AndroidManifest.xml中，替Activity增加下列哪一項過濾器中的類別才可以讓Google Play區分識別？,android.intent.category.LAUNCHER,android.intent.category.LEANBACK_LAUNCHER,android.intent.category.DEFAULT,android.intent.category.EMBED,
1,如果要在type-to-search時在自己的應用程式內做搜尋，下列哪一項正確？,在Activity內呼叫setDefaultKeyMode(DEFAULT_KEYS_SEARCH_LOCAL),無法修改此預設行為,在Activity內呼叫setDefaultKeyMode(NONE_GLOBAL_SEARCH),在Activity內呼叫setDefaultKeyMode(DEFAULT_KEYS_SEARCH_GLOBAL),
3,在應用程式中可使用PowerManager.WakeLock來控制手持設備螢幕維持喚醒狀態，下列哪一個方法在離開程式時需被呼叫以釋放被喚醒狀態？,destroy(),acquire(),release(),disconnect(),
3,如附圖所示之專案參數設定，下列哪一項是編譯後action屬性name的內容值？,${applicationId}.VIEW,tw.com.tqc.demo1,tw.com.tqc.demo1.VIEW,VIEW,
1,關於Context#openFileInput的使用方式，下列哪一項可以正確執行（假設路徑上檔案都存在）？,"openFileInput(""aaa"")","openFileInput(""../aaa"")","openFileInput(""aaa/bbb"")","openFileInput(""../files/aaa"")",
2,如果要將資料存放到外部儲存（External Storage），需要開啟下列哪一項權限？,android.permission.INTERNET,android.permission.WRITE_EXTERNAL_STORAGE,android.permission.WRITE_SETTINGS,android.permission.READ_EXTERNAL_STORAGE,
1,Android提供Multi-window多視窗顯示，可以同時顯示多個應用程式的功能，下列哪一項配置參數是開啟或停用多視窗顯示的屬性？,android:resizeableActivity,android:supportsPictureInPicture,android:inMultiWindowAndroid,android:inPictureInPicture,
3,關於Service的敘述，下列哪一項正確？,Service負責描繪使用者介面,長時間運行Service會造成程式執行延遲,不會造成目前執行的Activity停止,即使系統記憶體不足時，Service也不會無預警被關閉,
3,利用Android Studio開發專案時，若要匯入專案的設定資訊，需要利用下列哪一項功能？,File/Settings,File/Project Structure,File/Import Settings,File/Export Settings,
1,下列哪一項為Log語句的正確格式？,"Log.d(識別字串,記錄內容)","Log.e(記錄內容,代號)","Log.s(識別字串,記錄內容)","Log.d(記錄內容,代號)",
1,要在程式中取得SIM卡內的相關資訊，可使用下列哪一項Manager物件？,android.telephony.TelephonyManager,android.telephony.SmsManager,android.telephony.SimManager,android.telephony.ContentManager,
123,通知通道（Notification Channel）需要設定的資料包含下列哪些？,channel id,channel name,channel priority,channel icon,
1,在應用程式中要搜尋附近的藍牙裝置時，需註冊一個BroadcastReceiver，並攔截下列哪一個廣播訊息事件？,BluetoothDevice.ACTION_FOUND,BluetoothDevice.BOND_BONDED,BluetoothDevice.ACTION_ACL_CONNECTED,BluetoothDevice.ACTION_DEVICE_FOUND,
4,下列哪一項不是手機接聽電話的狀態？,TelephonyManager.CALL_STATE_IDLE,TelephonyManager.CALL_STATE_OFFHOOK,TelephonyManager.CALL_STATE_RINGING,TelephonyManager.CALL_STATE_HOOK,
4,關於Button介面元件的敘述，下列哪一項錯誤？,Button類別繼承自TextView類別,可以透過Button.setOnClickListener函式來為按鈕加上事件處理函式,可以透過在XML檔定義Button時加入android:onClick屬性來為按鈕加上事件處理函式,可以在程式中透過Button.setPositiveButton語句來建立獨立的按鈕,
4,關於影音類別的敘述，下列哪一項正確？,可以用MediaRecoder類別來播放影音,可以用MediaController類別來控制語音輸入,可以用MediaController控制圖片輪播,可以用MediaPlayer類別來播放影音,
1,Android提供下列哪一項Activity供開發者可以繼承，並迅速開發應用程式的設定畫面？,PreferenceActivity,MapActivity,SettingActivity,TabActivity,
34,在Android Studio中有許多檢視專案結構的瀏覽模式，包含下列哪些項目？,Scratches,Problems,Project,Packages,
13,開發計步器應用程式時，會使用到下列哪些Sensor？,Sensor.TYPE_STEP_COUNTER,Sensor.TYPE_PRESSURE,Sensor.TYPE_STEP_DETECTOR,Sensor.TYPE_ACCELEROMETER,
3,Android系統未內建支援下列哪一項檔案格式？,.mp3,.jpg,.rm,.png,
3,在Android中，如果要使用拒接來電（BlockedNumberContract）功能，需在何處新增拒接號碼？,ContactsContract.Contacts.CONTENT_URI,ContactsContract.CommonDataKinds.Phone.CONTENT_URI,BlockedNumberContract.BlockedNumbers.CONTENT_URI,ContactsContract.Contacts.CONTENT_FILTER_URI,
1,如附圖所示之JSON格式資料，如果將其命名為strJSONValue，下列哪一段程式碼可以解析出「大雄」？,^[GD90401],^[GD90402],^[GD90403],^[GD90404],
123,關於android.content.ContentProvider.getType(URI uri)的敘述，下列哪些正確？,回傳傳入URI對應資料的MIME Type,如果對應的資料為單筆，則應回傳vnd.android.cursor.item/vnd.yourcompanyname.contenttype,如果對應的資料為數筆，則應回傳vnd.android.cursor.dir/vnd.yourcompanyname.contenttype,此方法為ContentProvider的Final Method，不應該被自訂的Content Provider覆寫,
123,繼承Content Provider時，下列哪些方法必須自行實作？,QUERY,INSERT,DELETE,DROP,
4,關於Broadcast Receiver的敘述，下列哪一項錯誤？,在Broadcast Receiver中可透過NotificationManager產生提示訊息,Broadcast Receiver主要運行在onReceive函式中,可以在Broadcast Receiver中start Service,Broadcast Intent後會啟動對應的Activity,
1234,Android模擬器可以模擬下列哪些內容？,GPS位置,來電顯示,簡訊,通話（撥打電話、接聽電話）,
1,當使用者點選http://www.example.com連結時，Android會用到下列哪一項物件？,Intent,HttpManager,Chrome,WebManager,
3,關於在Android上播放影音，下列哪一項錯誤？,支援串流播放,支援播放在記憶卡中的影像,系統內建的播放器可列出應用程式中的影像,其他應用程式可直接呼叫系統內建的播放器,
4,在Activity中要保存目前程式的狀態，適合於運行到下列哪一項方法時儲存？,onDestroy,onStop,onResume,onPause,
4,若要下載Android版本升級套件或API升級套件，需在下列哪一項進行設定？,Navigation Editor,Android Device Monitor,AVD Manager,SDK Manager,
4,下列哪一項為錯誤的Log方法？,Log.d,Log.e,Log.i,Log.s,
12,Android中ANR是由下列哪些系統服務監視？,ActivityManager,WindowManager,AccountManager,AccessibilityManager,
2,如果已經在Android專案中，res/values/styles.xml檔案的<style>標籤中定義完成一個名稱（name）為mystyle的樣式，下列哪一個屬性設定可以將mystyle樣式套用到TextView元件上？,"theme = ""@style/mystyle""","style = ""@style/mystyle""","name = ""@style/mystyle""","label = ""@style/mystyle""",
13,下列哪些intent-filter內的設定，是在實現APP Links功能時所必須設定的？,"<action android:name=""android.intent.action.VIEW""/>","<action android:name=""android.intent.action.GET_CONTENT""/>","<category android:name=""android.intent.category.BROWSABLE""/>","<category android:name=""android.intent.category.LINKS""/>",
123,Android開發工具所支援的作業系統有下列哪些？,Windows,Linux,Mac OS X,FreeBSD,
1,下列哪一項屬於System Service？,NotificationManager,ContentProvider,MediaService,PreferenceActivity,
1,如果要使用JobScheduler來執行背景工作，Android的API版本需要在幾版以上才有支援？,API 21（Android 5.0）,API 23（Android 6.0）,API 25（Android 7.1）,API 27（Android 8.1）,
3,關於LinearLayout版面配置元件的敘述，下列哪一項錯誤？,LinearLayout元件中，可以包含多層版面,一個畫面中可以包含多個LinearLayout元件,在一個LinearLayout元件中，可以同時定義直向與橫向顯示內容元件,在LinearLayout元件中，可以透過android:orientation屬性定義內容元件排列方向,
123,下列哪些PowerManager屬性值，可預防螢幕進入睡眠模式？,FULL_WAKE_LOCK,SCREEN_BRIGHT_WAKE_LOCK,SCREEN_DIM_WAKE_LOCK,PROXIMITY_SCREEN_OFF_WAKE_LOCK,
14,下列哪些指令具有搜尋程式碼的功能？,[Ctrl] + [F],[Ctrl] + [Alt] + [O],[Ctrl] + [Shift] + [Enter],[Ctrl] + [Shift] + [F],
3,關於AlertDialog的敘述，下列哪一項錯誤？,可使用Builder方法建立Dialog內容,可使用setTitle方法加入Dialog標題,可使用setButton方法加入Dialog按鈕,可使用show方法顯示Dialog對話視窗,
1,Android預設會將資料庫儲存的資料存放在下列哪一項目錄下？,/data/data/package_name/databases,/data/app/package_name,/data/app/package_name/databases,/data/app,
2,要處理Broadcast Receiver，應該實作下列哪一項函式？,onStart,onReceive,onBroadcast,onCatch,
1,在Android Things APP中，要控制週邊IO設備（例如：GPIO、PWM、I2C、SPI等等），需加入下列哪一項權限？,com.google.android.things.permission.USE_PERIPHERAL_IO,com.google.android.things.permission.MANAGE_SENSOR_DRIVERS,com.google.android.things.permission.MANAGE_INPUT_DRIVERS,com.google.android.things.permission.MANAGE_GNSS_DRIVERS,
2,如果要畫一個三角形，需要用到下列哪一項android.graphics的class？,Rect,Path,RectF,Triangle,
2,Google在Android哪一個版本時引進了新的簽名版本V2（Signature Version V2），提供更高的安全性，不能對簽名後的APK做任何修改？,Android 6,Android 7,Android 8,Android 9,
3,使用WifiManager來掃描附近Wi-Fi熱點時，需註冊一個BroadcastReceiver，並攔截下列哪一個廣播訊息事件？,WifiManager.RSSI_CHANGED_ACTION,WifiManager.EXTRA_NETWORK_INFO,WifiManager.SCAN_RESULTS_AVAILABLE_ACTION,WifiManager.SCAN_RESULTS_ACTION,
2,利用數位簽章（金鑰）進行簽章過的APK檔案（Singed APK）方能上傳到Google Play。當我們設定數位簽章參數時需要輸入兩種密碼：金鑰檔案庫密碼以及金鑰密碼；而這些參數在設定後會儲存在模組內的組態設定檔（build.gradle）。請問下列哪一個參數代表「金鑰密碼」？,keyAlias,keyPassword,storeFile,storePassword,
1234,AndroidManifest.xml是Android應用程式中最重要的文件之一，記錄了應用程式的許多資料，下列哪些項目包含在內？,應用程式的完整名稱,應用程式包含的活動、內容提供者、廣播接收器和服務元件,宣告應用程式執行時需要的權限，例如：存取網路和GPS等,應用程式的目標和最小需求的API層級,
1,系統內建的Home（桌面）程式屬於Android框架的哪一層？,Application層,Application Framework層,Libraries層,Kernel & Driver層,
3,下列哪一項不是Android訊息通知（Notification）一定要設定的資料？,setSmallIcon,setContentTitle,setContentIntent,setContentText,
1234,權限管理將權限分為兩大類：一般權限與危險權限，請問下列哪些是屬於危險權限？,CALENDAR,CAMERA,LOCATION,MICROPHONE,
1,下列哪一項內建介面元件，設計目的是為了讓使用者在輸入內容時，能得到提示？,AutoCompleteTextView,EditText,SeekBar,RatingBar,
3,Android預設會將Preference的檔案存放在下列哪一項目錄下？,/data/data/package_name/files,/data/app/package_name/files,/data/data/package_name/shared_pref,/data/app/package_name/databases,
1234,在Android Studio新建專案的過程中，需勾選開發的應用程式種類，下列哪些選項包含在此範圍內？,Phone and Tablet,TV,Wear,Glass,
1,當使用者在PreferenceActivity內變更設定時，若要即時反應到App中，下列哪一項正確？,實作SharedPreferences.OnSharedPreferenceChangeListener的onSharedPreferenceChanged並註冊，當設定變更時會觸發,實作Activity的onSharedPreferenceChanged,需重新開啟App才有辦法反應變更結果,實作Activity的onChangeListener,
1,要寫一個呼叫不同程式的Activity，下列哪一項設定正確？,使用Intent.setClassName()方法呼叫Intent,使用ContentProvider呼叫Intent,使service定義背景呼叫Intent,不同應用程式間不可直接呼叫Activity,
2,Android中的DownloadManager系統服務，是使用下列哪一個方法搭配DownloadManager.Request來取得下載檔案的編號（id）？,query(),enqueue(),start(),begin(),
1,關於Notification訊息的敘述，下列哪一項正確？,可以呼叫notify方法來顯示Notification訊息,可以呼叫cancel方法來顯示Notification訊息,可以呼叫cancelAll方法來顯示Notification訊息,可以呼叫show方法來顯示Notification訊息,
1,開發Android App時，通常會在組態設定檔內指定Android SDK編譯環境的版本，下列哪一項正確？,android:compileSdkVersion,android:targetSdkVersion,android:maxSdkVersion,android:minSdkVersion,
1,如附圖所示之程式碼，下列哪一項是DAY_VIEW_MODE參數的正確型別？,int,string,double,list,
134,關於Android Studio匯入專案的敘述，下列哪些正確？,匯入後某些檔案的位置可能不同,程式碼需要重新撰寫,API版本不同時需要重新調整,SDK的路徑可能不一致，需要調整為本機電腦的SDK路徑,
2,若要使用快捷鍵Optimize Imports的功能自動整理Imports，下列指令哪一項正確？,[Ctrl] + [Shift] + [I],[Ctrl] + [Alt] + [O],[Ctrl] + [Shift] + [F],[Ctrl] + [Shift] + [Enter],
13,下列哪些內建介面元件，設計目的為讓使用者只能選擇其中一個選項？,RadioButton,CheckBox,Spinner,ListBox,
1,關於Preference的敘述，下列哪一項錯誤？,必須繼承PreferenceActivity才能存取Preference,同一個應用程式都可以存取到同個Preference,透過registerOnSharedPreferenceChangeListener，當設定變動時會呼叫登錄的callback,PreferenceManager#getDefaultSharedPreferences需傳入android.content.Context,
3,在Android Studio中，下列哪一項屬於檢查代碼的功能？,Reformat Code,Rearrange Code,Inspect Code,Code cleanup,
4,Android的動畫（Animation）是由四種型態（Type）所組成，下列哪一項不屬於Animation的型態？,scale,alpha,rotate,delta,
4,若要使用快捷鍵Reformat Code的功能，下列指令哪一項正確？,[Ctrl] + [F],[Ctrl] + [Alt] + [O],[Ctrl] + [Shift] + [Enter],[Ctrl] + [Alt] + [L],
1,請問支援程式庫（Android Support Library）的目的，下列敘述哪一項正確？,提供舊版作業系統的手機可以執行新的功能,提供新版作業系統的手機可以執行舊的功能,支援未來新手機的硬體規格,支援未來新手機的軟體功能,
4,"在全名為tw.test.Sample的Activity中使用getSharedPreferences(""test"",0)時，Preferences的檔名下列哪一項正確？",tw.test_preferences.xml,Sample_preferences.xml,Sample.xml,test.xml,
3,下列哪一項是取得電話服務所需要傳入的名稱？,getSystemService(Context.WIFI_SERVICE),getSystemService(Context.POWER_SERVICE),getSystemService(Context.TELEPHONY_SERVICE),getSystemService(Context.SENSOR_SERVICE),
2,若要將RecyclerView元件設定成為類似GridView元件且可以水平滑動的Layout，需要呼叫RecyclerView的哪一個LayoutManager？,GridLayoutManager,StaggeredGridLayoutManager,LayoutManager,HorizontalGridLayoutManager,
1,若要新建一個專案，下列哪一項正確？,File/New/New Project,File/New/New Module,File/New/Import Project,File/New/Import Module,
1,關於TextView元件的敘述，下列哪一項正確？,EditText類別繼承自TextView類別,在TextView元件中加入android:color宣告，可以指定文字顏色,TextView元件的作用是提供按鈕功能顯示,可以在TextView元件中輸入文字，並設定只能輸入數字,
1,如附圖所示之模組參數設定，假設開發中的Android專案沒有任何語法或設定錯誤，相關金鑰也已完成設定；當點擊「Run 'app'」，系統會自動產生可執行檔案（APK）。請問下列哪一個APK檔案會被生成？,app-freeVersion-release.apk,app-freeVersion-debug.apk,app-freeVersion.apk,app-debug.apk,
4,關於Notification訊息的敘述，下列哪一項錯誤？,可以在程式中控制Notification訊息的顯示,可以在程式中取消Notification訊息的顯示,背景服務可以透過Notification訊息提示運作狀態,Notification屬於Content Provider的一種,
1234,Android 7引入了網路安全性設定功能，讓應用程式在安全的宣告式設定檔中即可自訂網路安全性設定，而不必修改應用程式的程式碼，此功能的主要能力下列哪些正確？,Custom trust anchors自訂信任的憑證管理機構,Debug-only overrides僅偵錯覆寫,Cleartext traffic opt-out退出明碼流量,Certificate pinning憑證關聯,
1,要取得從另一個Activity返回的結果，應在原Activity中加入下列哪一項方法？,onActivityResult,getActivityByResult,getActivityForResult,onReceive,
12,Room產生資料庫的方法下列哪些正確？,Room.databaseBuilder,Room.inMemoryDatabaseBuilder,Room.MyDBHelper,Room.MemoryDatabaseBuilder,
14,當需要使用JobScheduler來執行實際的工作時，需要新建一個Service來繼承JobService，並且必須覆寫下列哪些方法？,onStartJob(JobParameters params),"onStartCommand(Intent intent, int flags, int startId)","jobFinished(JobParameters params, boolean wantsReschedule)",onStopJob(JobParameters params),
2,欲開發一應用程式，透過JNI來與C/C++程式溝通，此時C/C++程式要放在專案的下列哪一個資料夾下？,src,jni,assets,res,
23,如附圖所示之程式碼，關於content URI的敘述，下列哪些正確？,B部分為prefix，可以變更,A部分為prefix，不可以變更,D部分為指定某一筆資料的_id，如果要取得所有資料時可以將URI改為content://com.example.transportationprovider/trains,B部分不應該使用包含package的完整類別名稱，以保持獨特性，另外不可以與<provider>定義authorities的內容一致,
1,下列哪一項方法，可從一個Activity跳轉到另一個Activity（不需返回資訊）？,startActivity,startActivityByResult,startActivityForResult,newActivity,
4,開發Android App時，若考量「向前相容」的議題，通常會在組態設定檔內指定SDK的必要參數，下列哪一項正確？,android:compileSdkVersion,android:targetSdkVersion,android:maxSdkVersion,android:minSdkVersion,
4,關於Broadcast Receiver的敘述，下列哪一項正確？,可以在Broadcast Receiver中產生對話框,Broadcast Intent後會啟動對應的Activity,可以在Broadcast Receiver中bind Service,可透過Context.unregisterReceiver在Activity.onPause()中註銷註冊,
2,在應用程式中，如欲接收FCM（FireBase Cloud Message）所發出的訊息，需要程式中註冊一個Receiver，該Receiver中需要有一個intent-filter，請問intent-filter的名稱為下列哪一個？,com.google.firebase.messaging.default_notification_icon,com.google.firebase.MESSAGING_EVENT,com.google.android.gcm.service.RECEIVE,com.google.android.c2dm.service.RECEIVE,
2,要從一個Activity呼叫Service啟動時，會用到下列哪一項物件？,ServiceCall,Intent,Background,ServiceManager,
13,Android在背景最佳化（Background optimizations）技術中，應用程式現在已經無法發送或接收下列哪些廣播訊息？,ACTION_NEW_PICTURE,ACTION_NEW_OUTGOING_CALL,ACTION_NEW_VIDEO,所有廣播訊息皆可接收,
3,若要套用Android專案中，res/values/styles.xml檔案內所定義的App樣式，需要在下列AndroidManifest.xml檔案中，設定<application>標籤的哪一個屬性？,android:label,android:title,android:theme,android:name,
2,在targetSdkVersion為17或之後版本，必須在與JavaScript互動方法的前方增加下列哪一項標註（Annotation）？,@NavigationMode,@JavaScriptInterface,@AnyThread,@RequiresPermission,
12,下列哪些方法可以在Dialog中加入按鈕？,setPositiveButton,setNegativeButton,setRightButton,setNormalButton,
13,關於TextView元件的敘述，下列哪些正確？,在TextView元件中加入android:ellipsize宣告，可以讓過長的字串以跑馬燈效果顯示,在TextView元件中加入android:color宣告，可以指定文字顏色,在TextView元件中加入android:capitalize宣告，可以指定開頭文字大寫,在TextView元件中加入android:autoText宣告，可以讓Email自動以連結顯示,
2,關於Android Studio中GitHub與Git的環境設定，下列哪一項正確？,使用前不需要先安裝Git,需在「Path to Git executable」設定git.exe的位置,不需設定GitHub的帳號密碼,修改程式碼後會自動即時上傳,
1,開發中文軟體欲使用外部字型檔，須將外部字型檔放置於下列哪一項檔案目錄底下？,assets/fonts,res/drawable/fonts,res/layout/fonts,res/value/fonts,
1,當使用Google assistant時，需覆寫下面哪一個方法來建立ACTION_ASSIST intent以傳遞資料？,onProvideAssistData(),onProvideAssistContent(),onProvideStructure(),onProvideVirtualStructure(),
134,在Android中使用DOM來解析XML文件內容時，需要下列哪些物件才能取得XML文件內所有DOM元素（DOM element）？,DocumentBuilderFactory,Element,Document,DocumentBuilder,
14,在Git系統中，下列敘述哪些正確？,Commit是提交修改記錄到本地端數據庫,Commit是上傳修改記錄遠端數據庫,Push是提交修改記錄本地端數據庫,Push是上傳修改記錄遠端數據庫,
4,下列哪一項不是SQLiteDatabase所提供的方法？,execSQL,delete,insert,dropDatabase,
1,在全名為tw.test.Sample的Activity中使用PreferenceManager.getDefaultSharedPreferences(context)時，Preferences的檔名為下列哪一項？,tw.test_preferences.xml,Sample_preferences.xml,Sample.xml,test.xml,
1,"從一個Activity跳轉回到原呼叫的Activity時，經常傳入的RESULT_OK, RESULT_CANCELED參數是屬於下列哪一項型別？",int,string,double,list,
2,定義一個複雜的列表，需要有效率地顯示多個介面元件時，一般會使用下列哪一項版面配置元件？,LinearLayout,RelativeLayout,TableLayout,FrameLayout,
3,若要新建模擬器或是修改模擬器的設定，需在下列哪一項進行設定？,Navigation Editor,Android Device Monitor,AVD Manager,SDK Manager,
13,在Android Studio中，下列哪些項目屬於快速整理程式碼的功能？,Reformat Code,Inspect Code,Rearrange Code,Code cleanup,
123,相容性程式庫v7 appcompat library讓程式可以往後支援 Android 2.1 （API level 7）以使用一些新功能。請問下列哪些元件是v7 appcompat library所支援的新元件？,RecyclerView,GridLayout,CardView,TableLayout,
2,如果要確認Android應用程式是否在電視設備上運行，可以使用下列哪一項方法檢查App是否在電視模式下運行？,UiModeManager.getCurrentModeType() == Configuration.UI_MODE_TYPE_WATCH,UiModeManager.getCurrentModeType() == Configuration.UI_MODE_TYPE_TELEVISION,UiModeManager.getCurrentModeType() == Configuration.UI_MODE_TYPE_CAR,UiModeManager.getCurrentModeType() == Configuration.UI_MODE_TYPE_DESK,
3,Android中的樣式（Theme）是允許被繼承的，如果要繼承某個基本樣式時，需要使用下列<style>標籤中的哪一項屬性？,extend,inherit,parent,super,
3,當在專案內新增一個Android模組（Module）之後，系統全域組態檔內需加入新模組的名稱，下列哪一個檔案正確？,專案的build.gradle,模組內的build.gradle,專案的settings.gradle,專案的local.properties,
2,關於建立Content Provider的敘述，下列哪一項錯誤？,自行建立的Content Provider需繼承ContentProvider,Content Provider只能給同一個AndroidManifest.xml中所定義的Activity使用,建立的Content Provider，開發者可以使用自訂的資料存取方式存取資料,Content Provider可以讓某個應用所儲存的資料，被其他應用讀取或寫入,
1,系統內建的計算機程式屬於Android框架的哪一層？,Application層,Application Framework層,Libraries層,Kernel & Driver層,
4,結束一個Activity時，下列哪一項是正確的生命週期順序？,onCreate → onStart → onResume,onStop → onPause → onDestroy,onDestroy → onPause → onStop ,onPause → onStop → onDestroy,
1,關於android:id屬性的敘述，下列哪一項正確？,程式中可以使用對應的id來操作對應的介面元件,可以用id決定元件顯示順序,程式中可以用id產生新介面元件,一個介面元件中可以同時定義多個id,
3,從一個正在運作的程式切換到另一個程式時，原有Activity會先呼叫下列哪一項方法？,onStop,onDestroy,onPause,onRelease,
134,下列哪些方式是Android系統中所提供，可用來解析XML內容？,DOM,XSS,SAX,PULL,
2,若要利用Android Support Library程式庫來開發具有ActionBar的程式，模組組態設定檔（build.gradle）需要設定相關性，加入Android Support Library程式庫，下列哪一項正確？（註：xx.y.z會因SDK版本不同而有所不同）,com.google.android.gms:play-services:xx.y.z,com.android.support:appcompat-v7:xx.y.z,com.android.support:support-annotations:xx.y.z,com.android.support:recyclerview-v7:xx.y.z,
4,利用Android Studio開發專案時，若要匯出專案的設定資訊，需要利用下列哪一項功能？,File/Settings,File/Project Structure,File/Import Settings,File/Export Settings,
1,關於[BACK]鍵的敘述，下列哪一項正確？,按下[BACK]鍵會結束目前的Activity並將前一個Activity移到前景,按下[BACK]鍵會結束目前的Activity並將前一個Activity移到背景,按下[BACK]鍵會繼續目前的Activity並將前一個Activity移到前景,按下[BACK]鍵會繼續目前的Activity並將前一個Activity移到背景,
3,關於Android下SQLite的工具，下列敘述哪一項錯誤？,.tables顯示Table一覽,.scheme顯示Table定義,.dump刪除資料庫,sqlite3存取資料庫,
4,定義一個版面配置檔案，需要重疊顯示多個介面元件時，一般會使用下列哪一項版面配置元件？,LinearLayout,RelativeLayout,TableLayout,FrameLayout,
1,通知點（Notification Dots）是透過浮動圓點的方式來提醒使用者有未讀的通知，下列哪一項方法是顯示或隱藏該圓點的方法？,setShowBage(boolean),setShowDot(boolean),ShowBage(boolean),ShowDot(boolean),
2,如附圖所示之程式碼，若將附圖之程式碼寫進程式中，會執行下列哪一項動作？,使用完整路徑呼叫相對應的Intent,開啟瀏覽器瀏覽網頁,不動作,開啟Email程式寄送內容資訊,
2,Wear OS使用下列哪一個類別來建立訊息通知（Notification）需要的標題（ContentTitle）、圖示（Icon）及內容（ContentText）等資料？,Notification.Builder,NotificationCompat.Builder,WearNotification.Builder,Notification.Create,
34,將應用程式發佈至Google Play時，下列敘述哪些錯誤？,如果應用程式需要50MB以上的記憶體空間，可使用擴充程式檔儲存額外的APK資源,單一APK檔案大小上限為50MB,必須建立Google Play開發人員帳戶，且每年需繳交年費25美元,每個應用程式可多儲存兩個擴充程式檔，兩個檔案的大小上限皆為1GB,
4,當RecyclerView元件需要一個View來顯示內容選項時，會使用下列哪一個方法來建立需要的View？,onCreateView(),onCreateViewPage(),onNewView(),onCreateViewHolder(),
2,關於Notification訊息的敘述，下列哪一項錯誤？,可以加入音效提醒,可以加入影片提醒,可以加入震動提醒,可以加入閃燈提醒,
12,關於PreferenceManager.getDefaultSharedPreferences取得Preference的敘述，下列哪些正確？,Preferences保存的內容會在/data/data/%Package Name%/shared_prefs內,Preferences的檔案名稱為%Package Name%_preferences.xml,使用此方法時，需傳入檔案名稱及存取模式,Preferences可以任意設定儲存位置,
3,在Android SDK中，下列哪一項指令可以模擬記憶卡？,ddms,adb,mksdcard,draw9patch,
1,下列哪一個不是共享元素切換（Shared Elements Transition）所支援的動畫效果？,changeTextTransform,changeBounds,changeClipBounds,changeTransform,
4,下列哪一項類別與影音播放無關？,VideoView,MediaPlayer,MediaController,WidgetProvider,
14,在Android中，使用下列哪些物件來解析JSON格式之資料？,JSONArray,JSONNode,JSONTree,JSONObject,
24,關於Android指紋辨識技術的敘述，下列哪些正確？,Android 4.3版SDK中新增了指紋辨識API,應用程式中可使用getSystemService (Context.FINGERPRINT _SERVICE)取得FingerprintManager物件,以FingerprintManager.auth()方法來做指紋掃描認證,需在有支援指紋傳感器的設備上才能正常使用,
2,當開發一個背景執行的服務模組後，AndroidManifest.xml組態檔應加入下列哪一種標籤，該服務模組方可正常被叫用？,<activity ...>,<service ...>,<receiver ...>,<provider ...>,
2,安裝好Android Studio/Android SDK之後，系統會產生一個開發用的金鑰檔案庫，一般稱為除錯金鑰檔案庫（debug keystore），以利開發、除錯階段使用。請問下列哪一項可能是除錯金鑰檔案庫的位置（Windows環境）？,<專案路徑>\debug.keystore,C:\Users\<user>\.android\debug.keystore,<專案路徑>\<模組名稱>\debug.keystore,<JAVA_HOME>\debug.keystore,
1,使用下列哪一項方式可以取得SharedPreferences的物件？,PreferenceManager.getDefaultSharedPreferences(context);,new SharedPreferences();,new SharedPreferencesImpl();,SharedPreferences.getInstance();,
2,下列哪一項程式，可以將手機鈴聲模式設定為靜音模式？,AudioManager.setRingerMode(AudioManager.RINGER_MODE_NORMAL);,AudioManager.setRingerMode(AudioManager.RINGER_MODE_SILENT);,AudioManager.setRingerMode(AudioManager.RINGER_MODE_OFF);,AudioManager.setRingerMode(AudioManager.RINGER_MODE_VIBRATE);,
14,組態設定中關於App版本的參數，下列敘述哪些正確？,versionCode一定是數字，記錄該App發行的版本，主要是提供程式內部與應用程式商城（如：Google Play）辨識App版本之用,versionName一定是數字，記錄該App發行的版本，主要是提供程式內部與應用程式商城（如：Google Play）辨識App版本之用,versionCode可以是文字，記錄該App發行的版本資訊，主要是提供使用者辨識該App的版本,versionName可以是文字，記錄該App發行的版本資訊，主要是提供使用者辨識該App的版本,
2,如附圖所示之程式碼，這段程式碼比較可能出現在下列哪一類Activity中？,負責呼叫的Activity,被呼叫的Activity,全新啟動的Activity,Activity報表,
2,Android Things在設備更新策略中，下列哪一項策略是下載並套用可用更新？,POLICY_CHECKS_ONLY,POLICY_APPLY_ONLY,POLICY_APPLY_AND_REBOOT,無此策略,
2,要開發NFC相關的應用程式時，需要在AndroidManifest.xml設定檔中加入下列哪一項權限設定？,"<uses-permission android:name=""android.permission.RAED_NFC""/>","<uses-permission android:name=""android.permission.NFC""/>","<uses-permission android:name=""android.permission. ACCESS_NFC""/>",不需加入任何權限設定,
12,下列哪些Sensor的類型（Type）在Android 6.0後已不建議被使用（deprecated）？,Sensor.TYPE_TEMPERATURE,Sensor.TYPE_ORIENTATION,Sensor.TYPE_GYROSCOPE,Sensor.TYPE_ACCELEROMETER,
1,系統內建的撥電話程式屬於Android框架的哪一層？,Application層,Application Framework層 ,Libraries層,Kernel & Driver層,
24,關於TDD（Test-Driven-Development）的敘述，下列哪些正確？,TDD為一種單元測試框架,是一種先建立test case，再一步步進行程式撰寫、重構的開發方式,是一種先寫出完整程式碼再進行測試的方法,TDD的規格本身就是可執行文件,
2,Android Studio在下列哪一個版本中加入Instant Run功能？,Android Studio 1,Android Studio 2,Android Studio 3,Android Studio 4,
2,RecyclerView元件使用下列哪一個方法，來取得被點擊項目View的位置？,getItemViewType(),getAdapterPosition(),getItemPosition(),getViewPosition(),
1234,Activity的生命週期中，包括下列哪些方法？,onStart,onDestroy,onStop,onCreate,
1,CardView是下列哪一個Layout的子類別？,FrameLayout,LinearLayout,RelativeLayout,TableLayout,
2,當程式內需要存取特殊資源時，必須在清單檔案內（AndroidManifest.xml）宣告；若需要存取網際網路的資源（如：Web Service），請問下列哪一項必須加入清單檔內？,"<permission android:name = ""android.permission.INTERNET"" />","<uses-permission android:name = ""android.permission.INTERNET"" />","<permission android:name = ""android.permission.NETWORK"" />","<uses-permission android:name = ""android.permission.NETWORK"" />",
12,活動（Activity）會因為組態的改變（如：由橫放變成直立），而被摧毀且再重新啟動。通常會藉由覆寫下列哪些方法，將重要資料在活動被摧毀前利用Bundle記錄，並在重新啟動後將資料從Bundle取回？,Activity.onSaveInstnaceState(...),Activity.onRestoreInstnaceState(...),Activity.onStop(...),Activity.onPause(...),
4,下列哪一項不是Context.openFileOutput()方法所支援的讀寫模式？,Context.MODE_PRIVATE,Context.MODE_APPEND,Context.MODE_WORLD_WRITEABLE,Context.MODE_PROTECTED,
4,新啟動一個Activity時，會最先呼叫下列哪一項方法？,onStart,onOpen,onStartCommand,onCreate,
3,在Activity裡配置SurfaceView，並利用SurfaceView播放影片，需要使Activity實作下列哪一項介面？,SurfaceHolder,SurfaceView,SurfaceHolder.Callback,SurfaceView.Callback,
12,使用Doze模式雖然可減少電池的電量消耗，但有可能會影響推播機制的功能，可用下列哪些方法來解決？,增加應用程式到電池最佳化的白名單列表（Whitelist）中,使用ACTION_IGNORE_BATTERY_OPTIMIZATION_SETTINGS和REQUEST_IGNORE_BATTERY_OPTIMIZATIONS設定忽略電池最佳化,使用其它廠商的推播機制,無方法可解決,
2,下列哪一項為用來階層化設定項目，點選後會跳至下一個設定畫面的元件？,PreferenceCategory,PreferenceScreen,RingtonePreference,ListPreference,
12,Android API level27引進了一個新的SharedMemory類別，主要是用來加強多個執行緒（Thread）或應用程式溝通之用，他提供開發者可以對匿名共用記憶體進行下列哪些操作？,創建,映射,編輯,搬移,
1234,關於Android下的資料庫存取API，下列敘述哪些錯誤？,不能使用transaction,不支援in memory database,不支援pre-compiled statement,透過API存取資料庫只能新增資料，不能刪除,
2,Paint物件可以在Canvas上繪製圖形，假設目前程式中有一個Canvas物件名稱為canvas，一個Paint物件名稱為paint，請問要如何在Canvas上畫一個圓形，其圓心座標為x:40、y:40，直徑為50？,"canvas.drawCircle(40,40,50,paint);","canvas.drawCircle(40,40,25,paint);","canvas.drawRect(40,40,50,paint);","canvas.drawOval(40,40,25,paint);",
3,要使用指紋辨識來驗證使用者的身分時，需要在AndroidManifest.xml設定檔中加入下列哪一項權限設定？,^[GD90601],^[GD90602],^[GD90603],^[GD90604],
3,在Android應用程式中要實作錄音的功能，除了在AndroidManifest.xml設定檔加入android.permission.WRITE_EXTERNAL_STORAGE的權限外，還需加入下列哪一項權限設定？,"<uses-permission android:name=""android.permission.MODIFY_AUDIO_SETTINGS""/>","<uses-permission android:name=""android.permission.REORDER_TASKS""/>","<uses-permission android:name=""android.permission.RECORD_AUDIO""/>",不需加入任何權限設定,
4,關於Android下SQLite的工具，下列敘述哪一項錯誤？,.tables顯示Table一覽,.scheme顯示Table定義,以SELECT取得資料,view tables顯示Table一覽,
4,在程式中若直接呼叫finish函式來關閉Activity，下列哪一項是正確的生命週期順序？,onCreate → onStart → onResume,onStop → onResume → onCreate,onResume → onStart → onOpen,onPause → onStop → onDestroy,
4,利用數位簽章（金鑰）進行簽章過的APK檔案（Singed APK）方能上傳到Google Play。當我們設定數位簽章參數時需要輸入兩種密碼：金鑰檔案庫密碼以及金鑰密碼；而這些參數在設定後會儲存在模組內的組態設定檔（build.gradle）。請問下列哪一個參數代表「金鑰檔案庫密碼」？,keyAlias,keyPassword,storeFile,storePassword,
1,Android系統未內建支援下列哪一項聲音檔案格式？,.rm,.mp3,.aac,.mid,
1,下列哪一項會出現在Android應用程式上方標題列、桌面圖示下方的名稱？,Application name,Company Domain,Package name,Project location,
4,關於RelativeLayout版面配置元件的敘述，下列哪一項錯誤？,RelativeLayout元件中，可以包含多層版面,一個畫面中可以包含多個RelativeLayout元件,在一個RelativeLayout元件中，可以同時定義直向與橫向顯示內容元件,在RelativeLayout元件中，可以透過android:orientation屬性定義內容元件排列方向,
3,若要將Android範例程式匯入至Android Studio，需點選啟動畫面中的哪一個項目？,Start a new Android Studio project,Open an existing Android Studio project,Import an Android code sample,"Import project(Eclipse ADT, Gradle, etc)",
2,系統內建的TelephonyManager屬於Android框架的哪一層？,Application層,Application Framework層,Libraries層,Kernel & Driver層,
123,利用Gradle設定組態定義檔時，可以指定相關性（Dependencies）的程式庫或模組。請問目前支援下列哪些相關性設定方式？,File Dependencies,Library Dependencies,Module Dependencies,Directory Dependencies,
4,下列哪一個專案檔案內，儲存了Android SDK開發工具的路徑資訊？,專案的build.gradle,模組內的build.gradle,專案的settings.gradle,專案的local.properties,
23,若要維持main.xml作為介面設計，且程式內採「R.layout.main」方式讀取，撰寫一個橫式與直式顯示介面不同的應用程式，可以在專案res目錄中加入下列哪些目錄來達成？,values-land目錄,layout-land目錄,layout目錄,values-port目錄,
1,當新增了一個提供使用者登入的新活動（Activity），組態檔AndroidManifest.xml必須加入該活動的宣告標籤<activity>；若新活動的類別名稱為LoginActivity，請問必須利用下列activity的哪一個屬性來指定此活動的類別名稱？,"android:name = ""LoginActivity""","android:label = ""LoginActivity""","android:class = ""LoginActivity""","android:activity = ""LoginActivity""",
1,下列哪一項是MediaPlayer類別的功能？,播放音樂,預覽圖片,顯示網頁,撥打電話,
1,下列哪一個語法可以得知外部儲存（External Storage）的狀態？,Environment.getExternalStorageState(),Environment.getExternalStorageDirectory(),Environment.getExternalStoragePublicDirectory(),Environment.getExternalStorage(),
123,關於AndroidManifest.xml檔案的功用，下列哪些正確？,註冊該程式所要提供的功能,列出該程式所需要的權限,指定使用到的函式庫,指定使用到的資源檔案路徑,
1,下列哪一項是Activity類別的作用？,顯示可見的使用者介面,提供可呼叫的資料,提供網路連線,提供不影響正常使用流程的訊息提示,
34,在應用程式中建立SensorEventListener物件，下列哪些方法一定要被覆寫（override）？,onLocationChanged(),onSensorDisabled(),onAccuracyChanged(),onSensorChanged(),
2,如附圖所示之程式碼，是有關APP Links的intent-filter設定，缺少了下列哪一項必要的屬性？,"<category android:name=""android.intent.category.DEFAULT"" />","<category android:name=""android.intent.category.BROWSABLE"" />","<data android:scheme=""https"" android:host=""www.abc.com"" />","<action android:name=""android.intent.action.VIEW"" />",
4,在Activity運作中接到一通來電，Activity會最先呼叫下列哪一項方法？,onCall,onStop,onStopCommand,onPause,
13,關於Notification訊息的敘述，下列哪些正確？,提供了一個不影響正常操作的訊息提示方式,使用者需中斷目前工作先處理Notification訊息,Notification訊息欄控制音樂播放,Notification訊息欄中的訊息僅能閱讀，無法進行App啟動或刪除通知,
1,LocationListener可以協助我們在Google Map應用程式中，即時追蹤GPS座標狀態，其中下列哪一項方法可以即時捕捉座標改變的事件？,onLocationChanged(Location location),"onStatusChanged(String provider, int status, Bundle extras)",onProviderEnabled(String provider),onProviderDisabled(String provider),
1,當程式使用了Fragment進行功能開發，為了讓該程式可以在Android 1.6至Android 5.1之間的手機都能夠正常執行，需要引用下列哪一個程式庫？,v4 support library,v7 cardview library,v7 gridlayout library,v14 preference support library,
123,關於Context的SQLite相關API之敘述，下列哪些正確？,可以在繼承Context的類別中使用openOrCreateDatabase開啟資料庫,如果使用openOrCreateDatabase時，指定的資料庫不存在，則會丟出錯誤,Context有deleteDatabase方法來刪除Database,可以使用openOrCreateDatabase來取得其他應用程式的private Database,
123,在Wear OS製作訊息顯示服務時，預設情況下，訊息通知會從配對的手機上的應用程式橋接（共享）至手錶，有可能會造成重覆訊息的建立，下列哪些設定可以處理此問題？,在AndroidManifest.xml中指定橋接模式（Bridging mode）設定,在程式執行過程中指定橋接模式（Bridging mode）設定,設定dismissal ID，關閉通知同步到所有設備,無法解決此問題,
4,下列哪一個Android專案檔案，可以用來讓使用者加入自行定義的樣式設定？,res/values/dimens.xml,res/values/color.xml,res/values/strings.xml,res/values/styles.xml,
4,下列哪一項不是預設的Preference元件？,CheckBoxPreference,RingtonePreference,ListPreference,SelectionPreference,
123,如果要在Android TV應用程式中建置媒體目錄瀏覽介面，建議增加下列哪些函式庫（library）？,v17 leanback library,v7 recyclerview library,v7 cardview library,v7 mediarouter library,
1234,下列哪些選項為開發NFC應用程式時，可支援的BroadcastReceiver廣播訊息事件？,NfcAdapter.ACTION_TECH_DISCOVERED,NfcAdapter.ACTION_ADAPTER_STATE_CHANGED,NfcAdapter.ACTION_NDEF_DISCOVERED,NfcAdapter.ACTION_TAG_DISCOVERED,
4,寫一支新增聯絡人的程式時，在AndroidManifest.xml需加入下列哪一項權限？,android.permission.WRITE_CALENDAR,android.permission.WRITE_OWNER_DATA,android.permission.READ_CONTACTS,android.permission.WRITE_CONTACTS,
1,如果要在指定的按鈕或是Menu Item被按下時啟動Search，該使用下列哪一項API？,Activity#onSearchRequested,Activity#createSearch,Activity#makeNewSearch,無法讓按鈕或Menu Item按下後便啟動Search,
12,"某一應用程式在使用Context#openFileOutput(""test.txt"",MODE_PRIVATE)並正確寫入資料後，下列哪些方式可正確讀取檔案？","透過Context#openFileInput(""test.txt"")","透過new FileReader(""/data/data/"" + this.getPackageName() + ""/files/data.txt"")","透過new FileReader(""test.txt"")","透過new File(""test.txt"")",
3,關於Android中提供的SQLite資料庫相關API之敘述，下列哪一項錯誤？,SQLiteOpenHelper用來輔助建立或變更資料庫,SQLiteDatabase提供新增資料，刪除資料和執行SQL命令…等方法,CursorValues儲存一組資料用來更新或刪除資料使用,SQLiteCursor為實作Cursor用來取出查詢結果使用,
2,PhoneStateListener為取得電話的通話狀態，下列敘述哪一項錯誤？,配合android.permission.READ_PHONE_STATE權限存取通話狀態,在PhoneStateListener裡覆寫onDataActivity()方法取得通話狀態,若對方有設定來電顯示號碼，透過PhoneStateListener可取得來電的電話號碼,TelephonyManager.CALL_STATE_IDLE為處理待機狀態的事件,
